accuracy,precision,recall,f1_score
0.9741204977035522,0.9725420726306466,0.9990900818926297,0.985637342908438
